[
  {
    "_id": {
      "$oid": "6902d51d0af7cba1e7cb4358"
    },
    "name": "Tata Consumer Products Limited",
    "address": {
      "street": "1, Bishop Lefroy Road",
      "city": "Kolkata",
      "state": "West Bengal",
      "zipCode": "700020",
      "country": "India"
    },
    "contactPerson": "Suresh Narayanan",
    "phone": "+91-33-6633-5000",
    "email": "corporate@tatacp.com",
    "website": "https://www.tataconsumer.com",
    "isActive": true,
    "category": "Beverages & Food",
    "gstNumber": "19AAACT2727Q1ZX",
    "paymentTerms": "30 Days",
    "rating": 4.8,
    "createdAt": {
      "$date": "2025-11-02T17:00:00.000Z"
    },
    "updatedAt": {
      "$date": "2025-11-02T17:00:00.000Z"
    },
    "__v": 0
  },
  {
    "_id": {
      "$oid": "6902d51d0af7cba1e7cb4359"
    },
    "name": "Hindustan Unilever Limited",
    "address": {
      "street": "Unilever House, B.D. Sawant Marg",
      "city": "Mumbai",
      "state": "Maharashtra",
      "zipCode": "400099",
      "country": "India"
    },
    "contactPerson": "Sanjiv Mehta",
    "phone": "+91-22-3983-0000",
    "email": "sales@hul.co.in",
    "website": "https://www.hul.co.in",
    "isActive": true,
    "category": "Personal Care & Home Care",
    "gstNumber": "27AAACH2702H1Z0",
    "paymentTerms": "45 Days",
    "rating": 4.9,
    "createdAt": {
      "$date": "2025-11-02T17:00:00.000Z"
    },
    "updatedAt": {
      "$date": "2025-11-02T17:00:00.000Z"
    },
    "__v": 0
  },
  {
    "_id": {
      "$oid": "6902d51d0af7cba1e7cb435a"
    },
    "name": "Karnataka Milk Federation (Nandini)",
    "address": {
      "street": "Dairy Circle, Bannerghatta Road",
      "city": "Bangalore",
      "state": "Karnataka",
      "zipCode": "560029",
      "country": "India"
    },
    "contactPerson": "B.M. Nandish",
    "phone": "+91-80-2658-4816",
    "email": "info@kmfnandini.coop",
    "website": "https://www.kmfnandini.coop",
    "isActive": true,
    "category": "Dairy Products",
    "gstNumber": "29AABCK8142L1ZN",
    "paymentTerms": "15 Days",
    "rating": 4.7,
    "createdAt": {
      "$date": "2025-11-02T17:00:00.000Z"
    },
    "updatedAt": {
      "$date": "2025-11-02T17:00:00.000Z"
    },
    "__v": 0
  },
  {
    "_id": {
      "$oid": "6902d51d0af7cba1e7cb435b"
    },
    "name": "Adani Wilmar Limited (Fortune)",
    "address": {
      "street": "Fortune House, Nr. Navrangpura Railway Crossing",
      "city": "Ahmedabad",
      "state": "Gujarat",
      "zipCode": "380009",
      "country": "India"
    },
    "contactPerson": "Angshu Mallick",
    "phone": "+91-79-2656-3555",
    "email": "marketing@adaniwilmar.com",
    "website": "https://www.adaniwilmar.com",
    "isActive": true,
    "category": "Edible Oils & Food",
    "gstNumber": "24AABCA9857M1ZX",
    "paymentTerms": "30 Days",
    "rating": 4.6,
    "createdAt": {
      "$date": "2025-11-02T17:00:00.000Z"
    },
    "updatedAt": {
      "$date": "2025-11-02T17:00:00.000Z"
    },
    "__v": 0
  },
  {
    "_id": {
      "$oid": "6902d51d0af7cba1e7cb435c"
    },
    "name": "Gujarat Cooperative Milk Marketing Federation (Amul)",
    "address": {
      "street": "Amul Dairy Road, GCMMF Ltd",
      "city": "Anand",
      "state": "Gujarat",
      "zipCode": "388001",
      "country": "India"
    },
    "contactPerson": "R.S. Sodhi",
    "phone": "+91-2692-261-303",
    "email": "info@amul.coop",
    "website": "https://www.amul.com",
    "isActive": true,
    "category": "Dairy Products",
    "gstNumber": "24AABCA0277E1ZS",
    "paymentTerms": "21 Days",
    "rating": 4.9,
    "createdAt": {
      "$date": "2025-11-02T17:00:00.000Z"
    },
    "updatedAt": {
      "$date": "2025-11-02T17:00:00.000Z"
    },
    "__v": 0
  },
  {
    "_id": {
      "$oid": "6902d51d0af7cba1e7cb435d"
    },
    "name": "Nestlé India Limited",
    "address": {
      "street": "100, World Trade Centre, Barakhamba Lane",
      "city": "New Delhi",
      "state": "Delhi",
      "zipCode": "110001",
      "country": "India"
    },
    "contactPerson": "Suresh Narayanan",
    "phone": "+91-124-3998-4000",
    "email": "nestle@in.nestle.com",
    "website": "https://www.nestle.in",
    "isActive": true,
    "category": "Food & Beverages",
    "gstNumber": "06AABCN5454L1ZL",
    "paymentTerms": "45 Days",
    "rating": 4.8,
    "createdAt": {
      "$date": "2025-11-02T17:00:00.000Z"
    },
    "updatedAt": {
      "$date": "2025-11-02T17:00:00.000Z"
    },
    "__v": 0
  },
  {
    "_id": {
      "$oid": "6902d51d0af7cba1e7cb435e"
    },
    "name": "ITC Limited (Food Division)",
    "address": {
      "street": "Virginia House, 37 Jawaharlal Nehru Road",
      "city": "Kolkata",
      "state": "West Bengal",
      "zipCode": "700071",
      "country": "India"
    },
    "contactPerson": "Ali Harris Shere",
    "phone": "+91-33-2288-9371",
    "email": "corporate@itc.in",
    "website": "https://www.itcportal.com",
    "isActive": true,
    "category": "Food & Snacks",
    "gstNumber": "19AAACI1681G1ZN",
    "paymentTerms": "30 Days",
    "rating": 4.7,
    "createdAt": {
      "$date": "2025-11-02T17:00:00.000Z"
    },
    "updatedAt": {
      "$date": "2025-11-02T17:00:00.000Z"
    },
    "__v": 0
  },
  {
    "_id": {
      "$oid": "6902d51d0af7cba1e7cb435f"
    },
    "name": "Britannia Industries Limited",
    "address": {
      "street": "Britannia House, 1-A Hungerford Street",
      "city": "Kolkata",
      "state": "West Bengal",
      "zipCode": "700017",
      "country": "India"
    },
    "contactPerson": "Varun Berry",
    "phone": "+91-33-2229-8626",
    "email": "info@britannia.co.in",
    "website": "https://www.britannia.co.in",
    "isActive": true,
    "category": "Bakery & Biscuits",
    "gstNumber": "19AABCB2963A1Z0",
    "paymentTerms": "30 Days",
    "rating": 4.6,
    "createdAt": {
      "$date": "2025-11-02T17:00:00.000Z"
    },
    "updatedAt": {
      "$date": "2025-11-02T17:00:00.000Z"
    },
    "__v": 0
  },
  {
    "_id": {
      "$oid": "6902d51d0af7cba1e7cb4360"
    },
    "name": "Coca-Cola India Private Limited",
    "address": {
      "street": "Eros Corporate Tower, Nehru Place",
      "city": "New Delhi",
      "state": "Delhi",
      "zipCode": "110019",
      "country": "India"
    },
    "contactPerson": "Sanket Ray",
    "phone": "+91-11-4132-6000",
    "email": "info@coca-cola.com",
    "website": "https://www.coca-colaindia.com",
    "isActive": true,
    "category": "Beverages",
    "gstNumber": "07AABCC4834N1Z8",
    "paymentTerms": "30 Days",
    "rating": 4.5,
    "createdAt": {
      "$date": "2025-11-02T17:00:00.000Z"
    },
    "updatedAt": {
      "$date": "2025-11-02T17:00:00.000Z"
    },
    "__v": 0
  },
  {
    "_id": {
      "$oid": "6902d51d0af7cba1e7cb4361"
    },
    "name": "Fresho Fresh Vegetables Supplier",
    "address": {
      "street": "BigBasket Wholesale Market, Sector 125",
      "city": "Noida",
      "state": "Uttar Pradesh",
      "zipCode": "201303",
      "country": "India"
    },
    "contactPerson": "Rajesh Aggarwal",
    "phone": "+91-120-4158-000",
    "email": "supplier@fresho.com",
    "website": "https://www.bigbasket.com/fresho",
    "isActive": true,
    "category": "Fresh Vegetables & Fruits",
    "gstNumber": "09AABCF1234E1ZM",
    "paymentTerms": "7 Days",
    "rating": 4.4,
    "createdAt": {
      "$date": "2025-11-02T17:00:00.000Z"
    },
    "updatedAt": {
      "$date": "2025-11-02T17:00:00.000Z"
    },
    "__v": 0
  },
  {
    "_id": {
      "$oid": "6902d51d0af7cba1e7cb4362"
    },
    "name": "Dabur India Limited",
    "address": {
      "street": "8/3, Asaf Ali Road",
      "city": "New Delhi",
      "state": "Delhi",
      "zipCode": "110002",
      "country": "India"
    },
    "contactPerson": "Mohit Malhotra",
    "phone": "+91-11-2336-2225",
    "email": "info@dabur.com",
    "website": "https://www.dabur.com",
    "isActive": true,
    "category": "Health & Personal Care",
    "gstNumber": "07AABCD0078K1ZK",
    "paymentTerms": "45 Days",
    "rating": 4.7,
    "createdAt": {
      "$date": "2025-11-02T17:00:00.000Z"
    },
    "updatedAt": {
      "$date": "2025-11-02T17:00:00.000Z"
    },
    "__v": 0
  },
  {
    "_id": {
      "$oid": "6902d51d0af7cba1e7cb4363"
    },
    "name": "PepsiCo India Holdings Private Limited",
    "address": {
      "street": "Plot No. 1A, Sector 126",
      "city": "Noida",
      "state": "Uttar Pradesh",
      "zipCode": "201303",
      "country": "India"
    },
    "contactPerson": "Ahmed ElSheikh",
    "phone": "+91-120-4791-000",
    "email": "consumer.response@pepsico.com",
    "website": "https://www.pepsicoindia.co.in",
    "isActive": true,
    "category": "Beverages & Snacks",
    "gstNumber": "09AABCP8527M1ZJ",
    "paymentTerms": "30 Days",
    "rating": 4.6,
    "createdAt": {
      "$date": "2025-11-02T17:00:00.000Z"
    },
    "updatedAt": {
      "$date": "2025-11-02T17:00:00.000Z"
    },
    "__v": 0
  }
]